No,Referring Domain,Domain Authority,Competitors it links to
1,"radio-canada.ca",88,"boussoleelectorale.com"
2,"chatelaine.com",85,"boussoleelectorale.com"
3,"narcity.com",77,"boussoleelectorale.com"
4,"ulaval.ca",76,"boussoleelectorale.com"
5,"lactualite.com",64,"boussoleelectorale.com"
6,"lesoleil.com",62,"boussoleelectorale.com"
7,"voir.ca",62,"boussoleelectorale.com"
8,"branchez-vous.com",60,"boussoleelectorale.com"
9,"urbania.ca",59,"boussoleelectorale.com"
10,"alloprof.qc.ca",59,"boussoleelectorale.com"
11,"rythmefm.com",46,"boussoleelectorale.com"
